,0
0,-0.0014484307
1,0.0140693495
2,-0.017921023
3,0.005458702
4,-0.002739325
5,-0.008500178
6,-0.04066855
7,-0.001509596
8,0.0055171326
9,-0.010214883
10,0.018511316
11,-0.0056275595
12,0.011624501
13,0.009063279
14,0.004017716
15,0.010630833
16,0.016985757
17,0.0030497056
18,0.015981736
19,0.0051170387
20,-0.002561898
21,0.015441241
22,-0.017901754
23,-0.0005649459
24,-0.023126082
25,0.01450687
26,-0.017857855
27,0.0147061655
28,-0.011047953
29,-0.018687207
30,0.0015968403
31,0.009289265
32,-0.017455613
33,0.008451956
34,-0.0017121815
35,0.007555645
36,0.011992844
37,-0.02840636
38,-0.017858142
39,0.014420419
40,0.00438069
41,-0.0008963194
42,-0.008012156
43,0.0019142685
44,0.017273104
45,-0.006885154
46,0.016203543
47,-0.014246484
48,-0.035587866
49,0.022550136
50,0.0014482379
51,0.00906409
52,-0.013830006
53,0.009940629
54,0.0117484145
55,0.01982264
56,-0.002916253
57,-0.00023246047
58,-0.026161052
59,0.008081707
60,-0.019687062
61,-0.0030369654
62,-0.0024645417
63,-0.016008241
64,-0.007597277
65,0.012158754
66,0.03850707
67,0.01373941
68,0.036803994
69,-0.018241378
70,0.029692248
71,0.011769531
72,0.013498268
73,-0.005414464
74,-0.013388317
75,-0.0032735215
76,0.021420851
77,-0.0051987516
78,-0.018576458
79,0.00054362026
80,-0.0018132594
81,0.0067572757
82,-0.0032550315
83,-0.015244401
84,0.014831572
85,0.0023697736
86,0.009698158
87,0.015798932
88,0.01126043
89,-0.032575075
90,0.0137569755
91,-0.0032354207
92,0.0007534632
93,0.03165792
94,0.011890381
95,0.016197946
96,0.013747106
97,-0.0031268897
98,-0.0059312084
99,-0.0017092591
100,-0.010079545
101,0.024816828
102,-0.022002658
103,0.023979453
104,-0.0011270937
105,-0.00899023
106,0.01576396
107,-0.00631412
108,-0.0055435663
109,0.02668843
110,0.027610015
111,0.0020896338
112,-0.0008217138
113,0.0032025252
114,-0.02522995
115,0.0023531981
116,0.007267418
117,-0.014779233
118,0.008379463
119,-0.013317182
120,0.019838149
121,0.018373983
122,-0.0038787806
123,-0.0042174105
124,0.00801619
125,0.002617513
126,-0.0036029618
127,0.014263939
128,0.0041153273
129,0.010748712
130,0.019203117
131,-0.0029495158
132,-0.0007924106
133,-0.016715337
134,-0.03002778
135,-0.0054944465
136,-0.014563467
137,-0.006117682
138,-0.0061373897
139,-0.011825609
140,0.0027895092
141,0.0026173794
142,0.018866964
143,-0.019477203
144,-0.012619949
145,0.013854971
146,0.004154683
147,-0.00729316
148,0.00036678123
149,-0.022669092
150,0.019132357
151,-0.005779947
152,0.0072760843
153,0.0036611664
154,0.010200951
155,-0.010736916
156,0.021432523
157,0.0147569
158,0.021680456
159,-0.0025257776
160,-0.028878095
161,-0.003983095
162,-0.014880074
163,-0.02112501
164,0.03159569
165,0.011746433
166,0.011895119
167,-0.0032013552
168,-0.00894729
169,-0.03468052
170,-0.028639263
171,-0.024235642
172,0.005044403
173,-0.01923295
174,-0.019863926
175,0.0033524253
176,0.026902203
177,-0.0069884984
178,-0.010098887
179,0.0075473064
180,-0.0072609773
181,0.010908662
182,0.012586714
183,-0.0057998104
184,-0.009774229
185,0.021768097
186,0.021257367
187,0.008156804
188,0.026394932
189,0.0028145434
190,-0.01610712
191,3.105254e-05
192,-0.038804617
193,-0.010090018
194,0.002036462
195,0.0029766385
196,0.0061988635
197,-0.0104639605
198,-0.011889675
199,-0.019114822
200,-0.003199476
201,-0.024792636
202,0.022601243
203,-0.018912315
204,0.01613521
205,-0.008692545
206,-0.00823092
207,0.008347537
208,0.002365592
209,-0.014093406
210,-0.0019510937
211,0.02504733
212,0.016311988
213,0.023639945
214,0.027758436
215,0.0071708784
216,-0.011682628
217,0.0002966445
218,0.012830605
219,-0.021338388
220,0.019972987
221,0.014189696
222,4.18381e-05
223,0.015393773
224,-0.00014240705
225,0.008914294
226,0.013345184
227,-0.00010292534
228,-0.026518738
229,-0.0005306173
230,-0.0060080723
231,-0.012813533
232,0.004817682
233,0.006532222
234,0.0034843518
235,-0.02209495
236,0.007442214
237,0.0047284854
238,-0.025690777
239,0.017656792
240,-0.047368657
241,0.011324298
242,-0.011786683
243,0.01253791
244,0.014303581
245,0.009437284
246,-0.019151445
247,-0.0029683628
248,0.006329023
249,-0.011846449
250,0.0059054177
251,0.013124752
252,0.0017323472
253,-0.0027929435
254,0.005365064
255,0.010283997
256,-0.016657665
257,-0.012845722
258,0.006960519
259,-0.012986403
260,0.03167309
261,0.010441352
262,0.0022216414
263,-0.0008466462
264,0.025194852
265,0.022794051
266,0.013411963
267,0.0014733784
268,0.0007647173
269,-0.008083905
270,0.020746365
271,-0.014531021
272,0.011710484
273,-0.0064394823
274,0.018262152
275,0.014706796
276,-0.02602941
277,0.00023689335
278,0.0037053423
279,0.0102181155
280,0.026300961
281,0.018639227
282,-0.009956915
283,-0.0046296325
284,-0.014679732
285,0.0016325018
286,-0.022250468
287,0.010111157
288,0.03365289
289,-0.008030589
290,0.011962129
291,-0.0014142753
292,0.015261352
293,-0.0037590412
294,0.014194473
295,-0.016794996
296,0.01293907
297,0.017551735
298,-0.008897068
299,0.0066826846
300,0.0037692133
301,0.005739427
302,0.013012292
303,-0.011290363
304,0.013916704
305,-0.02306001
306,-0.0028764913
307,0.013097215
308,-0.008650882
309,0.0075836955
310,0.003176664
311,-0.021601135
312,0.013716123
313,-0.012913166
314,-0.014464223
315,0.029675372
316,0.022592457
317,-0.018631833
318,-0.0017815394
319,0.0062971665
320,0.016896866
321,-0.00088400376
322,0.0068452265
323,0.012520289
324,-0.0034244433
325,-0.031934105
326,0.0016836834
327,-0.007190126
328,-0.0064106346
329,0.0013373806
330,0.023109723
331,-0.0056646676
332,0.0024859584
333,-0.022439629
334,-0.008272088
335,-0.010083875
336,-0.015492125
337,-0.0027755264
338,-0.0070173466
339,-0.0049498556
340,0.012998316
341,0.0044477433
342,0.008003318
343,-0.016757062
344,-0.0026512477
345,0.0032073404
346,0.0044132615
347,-0.032108665
348,-0.0068970495
349,-0.008357751
350,-0.027762175
351,-0.024514586
352,-0.024562886
353,-0.0026862966
354,-0.01757721
355,0.012234197
356,-0.016428173
357,-0.022834338
358,-0.00322477
359,0.028302966
360,-0.007025141
361,-0.006450972
362,-0.0035345561
363,-0.0033558977
364,0.012426741
365,-0.0011389544
366,0.0038923877
367,-0.007092344
368,-0.017124722
369,0.018599922
370,0.0034336129
371,0.010716799
372,0.013172184
373,0.027813068
374,0.0015345423
375,0.0122025
376,0.015676621
377,-0.029477345
378,-0.019320266
379,0.016356302
380,-0.012144914
381,0.005597213
382,0.015503681
383,0.0037051195
384,0.019306695
385,0.00083552476
386,0.0046808477
387,0.01994223
388,0.00435783
389,0.016753688
390,-0.0006962253
391,0.02233555
392,-0.017230028
393,-0.0047976905
394,-0.004043276
395,-0.01907187
396,0.005701129
397,0.024994012
398,0.02801777
399,-0.01360175
400,0.02165614
401,0.0011439641
402,-0.002265289
403,0.012997162
404,0.012833257
405,0.0068349186
406,-0.0009341623
407,-0.022450067
408,-0.0008658202
409,-0.0030964839
410,0.011844093
411,0.013310058
412,-0.009160152
413,-0.0091755325
414,-0.0052920384
415,0.0048828516
416,-0.01677542
417,0.034825377
418,-0.008176058
419,-0.004032328
420,-0.0038945018
421,-0.0050779236
422,0.014235213
423,0.013336015
424,-0.0029291033
425,0.015734894
426,0.017751837
427,-0.024453698
428,-0.016187008
429,0.018625772
430,0.02189082
431,0.028396327
432,-0.027230889
433,-0.015268235
434,0.015607642
435,0.0045826305
436,0.0031865693
437,-0.010910033
438,-0.008799296
439,0.012309102
440,0.011309221
441,-0.017279308
442,0.0071764993
443,0.00031368533
444,-0.0038142032
445,-0.025371825
446,-0.04368919
447,0.02171482
448,0.006598436
449,-0.012682861
450,0.00485041
451,0.020788195
452,-0.013792984
453,0.008413793
454,0.0033715977
455,0.016530324
456,0.014369336
457,0.016843285
458,0.019160375
459,0.019071393
460,-0.008370122
461,-0.00084048905
462,0.027942182
463,0.01618737
464,-0.008318371
465,-0.022221226
466,0.005454759
467,0.0068022837
468,-0.015556912
469,-0.022716414
470,-0.01736357
471,0.006426913
472,-0.02617786
473,0.012600059
474,0.0025929091
475,-0.005345886
476,-0.013381211
477,0.0040553324
478,-0.033456713
479,0.0007264782
480,0.02364095
481,-0.013362437
482,0.016912756
483,0.00078087737
484,0.011556438
485,0.01329049
486,-0.008034018
487,-0.010113846
488,0.020512322
489,0.002092337
490,0.029125037
491,0.01717599
492,0.017243437
493,-0.0066357423
494,-0.023962252
495,-0.012876022
496,0.00095237856
497,-0.018988071
498,-0.0037851634
499,0.01288297
500,-0.015568814
501,0.018795319
502,0.005193027
503,0.020726675
504,-0.026285065
505,0.002000455
506,0.007129853
507,-0.03474656
508,0.033439774
509,0.0026346738
510,0.025849612
511,0.011613332
512,-0.01762809
513,-0.013268503
514,0.012998186
515,0.0025447777
516,0.012737437
517,0.00094827835
518,-0.009164573
519,-0.019207984
520,-0.018761119
521,-0.007522434
522,0.009823632
523,-0.027836915
524,0.020352487
525,0.006165637
526,0.009487451
527,0.0043607187
528,-0.0082303
529,0.015123024
530,0.012134337
531,-0.0009598106
532,0.0022341511
533,-0.016476642
534,0.017694268
535,0.022659175
536,-0.000844558
537,0.016378427
538,0.0077194376
539,-0.0014384537
540,-0.017778294
541,-0.006664846
542,0.0020579263
543,-0.010096072
544,-0.039013505
545,0.015982969
546,0.020904366
547,0.037600204
548,0.013293149
549,0.006443497
550,0.033274744
551,-0.008102636
552,-0.009082671
553,0.014608837
554,-0.002695829
555,-0.004443466
556,0.010583319
557,-0.015701901
558,0.0015942949
559,-0.02258797
560,0.009214572
561,-0.012759133
562,-0.014819445
563,-0.008299063
564,0.0007410557
565,-0.008774673
566,0.012841862
567,-0.002519338
568,0.019396696
569,-0.010836589
570,0.009493172
571,-0.020626534
572,0.01220419
573,-0.0128347445
574,-0.026550317
575,0.017906811
576,-0.01237211
577,-0.012520877
578,0.015149151
579,-0.002110679
580,0.011853587
581,0.027551318
582,-0.011117864
583,0.012513335
584,0.0007212511
585,0.009974931
586,0.012685893
587,0.030308431
588,-0.028427191
589,-0.011522812
590,0.009654251
591,0.024009537
592,-0.022489838
593,-0.01755386
594,-0.02797862
595,-0.0005892012
596,-0.015168319
597,0.024261476
598,0.0024082433
599,0.018366944
600,0.003939581
601,-0.008650915
602,0.0068953745
603,0.038988307
604,0.0037750814
605,0.012336487
606,-0.0043838304
607,-0.00095897546
608,0.007335224
609,-0.035492472
610,-0.003947015
611,-0.0332865
612,-0.014970587
613,-0.0021390293
614,0.03727197
615,0.01352421
616,0.014468107
617,-0.008613601
618,0.0043180287
619,0.0117286425
620,0.010171014
621,-0.028965691
622,-0.019080479
623,0.007752289
624,-0.012218875
625,-0.018159444
626,0.00953903
627,0.01168653
628,0.016331099
629,0.0030882983
630,-0.0119417105
631,-0.0018578965
632,-0.03357393
633,0.027794497
634,0.009221128
635,-0.008915538
636,-0.010347076
637,-0.0061569437
638,-0.007879501
639,-0.0053001894
640,-0.0014769967
641,-0.031301457
642,-0.0073652402
643,0.00044969076
644,0.017533075
645,-0.016676133
646,-0.0047763605
647,-0.0030031337
648,0.0120445555
649,0.014773287
650,-0.0027195567
651,0.009660487
652,-0.012223542
653,-0.012591512
654,0.006520338
655,-0.00069860084
656,-0.03614359
657,0.007912706
658,-0.011938935
659,0.004911814
660,-0.00056470436
661,0.008538452
662,0.01783569
663,-0.004187207
664,0.009343131
665,-0.007629676
666,0.0006586213
667,-0.020456797
668,0.015381275
669,-0.01773194
670,0.0003028125
671,-0.017345456
672,-0.014247541
673,0.015716987
674,0.005872806
675,0.017287955
676,0.028964384
677,-0.017619506
678,0.001345168
679,-0.0021989627
680,0.012794635
681,0.0028086042
682,0.016240308
683,-0.02898102
684,0.023131492
685,0.015594639
686,-0.0043635583
687,-0.011001344
688,0.009032916
689,0.00075401546
690,-0.010570994
691,0.015884012
692,0.030527044
693,-0.0004629034
694,-0.011450312
695,-0.006484988
696,-0.0032201398
697,0.0019296791
698,0.025918135
699,0.011981529
700,0.020085162
701,0.020161616
702,0.008333532
703,-0.0045756055
704,-0.0012820978
705,-0.006561357
706,0.0058071758
707,-0.01725855
708,0.021138737
709,0.015228588
710,0.010510363
711,-0.002698074
712,0.028707916
713,0.013649205
714,-0.013406335
715,-0.0017842004
716,-0.012113547
717,0.014835312
718,0.005211511
719,0.0015782419
720,-0.02418222
721,-0.00034785047
722,-0.0011049592
723,-0.014919758
724,-0.0029718885
725,-0.01216509
726,0.006938704
727,0.012281219
728,-0.0010133864
729,0.021593682
730,-0.04183598
731,0.020049676
732,-0.041297574
733,-0.011597509
734,-0.013634759
735,0.028222414
736,-0.025662089
737,0.0047326935
738,0.008540357
739,0.011705735
740,-0.0065670772
741,-0.019500205
742,0.026674984
743,-0.012289756
744,-0.013195474
745,-0.011704219
746,-0.008264806
747,0.006963563
748,-0.013433516
749,0.003894114
750,0.0070731477
751,-0.01583539
752,0.012408588
753,0.023121113
754,0.02354925
755,0.025292289
756,-0.004324619
757,-0.027772889
758,-0.013630765
759,0.0051281215
760,0.022967257
761,0.011853059
762,0.0005437303
763,0.002659102
764,0.013245354
765,0.0025361408
766,0.018237153
767,-0.024935473
768,-0.016668096
769,-0.020979008
770,-0.019470604
771,0.03540909
772,0.032813516
773,0.0011259294
774,-0.018137457
775,-0.010973292
776,0.005469135
777,-0.0043101544
778,-0.020383563
779,0.012560032
780,-0.00038665088
781,0.023250282
782,0.0024249267
783,-0.014354269
784,-0.0013122584
785,-0.011999459
786,-0.011150901
787,0.001100552
788,-0.014183734
789,0.015197094
790,0.014644967
791,-0.014667506
792,-0.0023691715
793,-0.030578697
794,-0.006222118
795,-0.0015161545
796,0.008114447
797,-0.011203282
798,-0.020709464
799,-0.016217286
800,-0.0071773697
801,0.009407998
802,0.003348874
803,-0.007072133
804,-0.009942567
805,-0.0055733137
806,-0.005875703
807,-0.01748308
808,0.034530327
809,0.036766745
810,-0.006664715
811,-0.007993773
812,0.004430895
813,0.015035406
814,-0.012391049
815,0.015535246
816,-0.01515549
817,-0.00945515
818,0.0004112992
819,-0.0013801743
820,0.00619331
821,0.00015828038
822,-0.00236958
823,-0.0038732125
824,-0.012109597
825,-0.024471575
826,-0.010117785
827,0.0011559218
828,-0.026036475
829,0.0007241378
830,0.022702804
831,-0.0015279352
832,-0.011652012
833,-0.012492273
834,-0.0062914193
835,0.0060179764
836,-0.011408256
837,0.010323006
838,0.031911936
839,0.0059393737
840,-0.011561631
841,0.014778557
842,-0.027474249
843,-0.008031778
844,-0.027933707
845,-0.00048255513
846,-0.013456828
847,0.02341056
848,0.015638608
849,-0.0069171614
850,0.014566994
851,0.0036331061
852,0.009767673
853,0.0002827728
854,-0.02271411
855,0.010217228
856,0.002037554
857,-0.0027596513
858,-0.023701752
859,0.018373517
860,0.009562377
861,0.0049526202
862,0.010732134
863,-0.017179605
864,0.008556667
865,-0.0084834695
866,-0.0043277177
867,-0.01905496
868,0.027655521
869,-0.025378242
870,-0.007500847
871,0.001432672
872,0.033110447
873,-0.011942904
874,0.00831255
875,-0.015995076
876,-0.011964064
877,-0.018747624
878,0.0041247644
879,-0.011430733
880,-0.0153373005
881,-0.01937502
882,0.0006216506
883,-0.004615037
884,-0.0160375
885,0.044638027
886,-0.014915115
887,0.017364936
888,-0.0106613
889,-5.71351e-07
890,0.0033508241
891,-0.010271237
892,0.004941763
893,0.012773715
894,0.0012423182
895,-0.009611468
896,0.015334507
897,-0.006823265
898,-0.0048746923
899,-0.0059045237
900,-0.020327792
901,0.018017575
902,0.0032072573
903,0.0013443886
904,0.0009911908
905,-0.010616105
906,-0.0022409775
907,-0.0060702623
908,0.008350483
909,0.0009368116
910,0.020179665
911,-0.027378539
912,-0.017445268
913,0.025950423
914,-0.00873111
915,0.005466074
916,-0.0002738841
917,-0.0153442435
918,-0.004772927
919,-0.0042850897
920,-0.005922596
921,0.0006511815
922,-0.006121499
923,0.012009194
924,0.0051739453
925,-0.013096429
926,-0.0033302645
927,0.0266325
928,-0.0012866078
929,0.0056092786
930,-0.000552933
931,-0.0020501863
932,-0.018602304
933,-0.02661774
934,0.005117333
935,-0.006604872
936,-0.01822485
937,0.005533529
938,-0.024007985
939,-0.0086356625
940,0.022042865
941,-0.017601004
942,0.007843557
943,-0.03152561
944,0.004400544
945,0.011814526
946,-0.0059821913
947,-0.02610471
948,0.007414626
949,-0.02383774
950,-0.024047902
951,0.0017885611
952,-0.0053566336
953,-0.0028234387
954,-0.004872514
955,0.04056474
956,0.021501558
957,-0.0030096865
958,-0.025234474
959,0.015959235
960,0.0041524973
961,0.0064354185
962,-0.0048462274
963,0.016439103
964,0.011475161
965,0.010211028
966,-0.011262147
967,0.008250609
968,0.00897416
969,-0.023974067
970,0.0137027595
971,-0.026080588
972,0.0027281037
973,0.018312976
974,0.01716474
975,0.007967819
976,0.014072037
977,0.009043268
978,-0.011893022
979,-0.009352173
980,0.011640977
981,0.0047065383
982,0.0029896966
983,-0.015332494
984,0.017213894
985,-0.0012450868
986,-0.017272953
987,0.015526087
988,0.005035218
989,-0.017548356
990,0.0047830306
991,0.01270114
992,0.017765246
993,0.020681083
994,0.00999672
995,0.002830933
996,-0.026018055
997,0.012543056
998,0.0102978125
999,0.017424952
1000,0.010365271
1001,0.015245625
1002,0.00039303183
1003,0.0016295906
1004,0.027100356
1005,-0.0020718367
1006,0.02305313
1007,-0.020720968
1008,0.029889902
1009,0.00064880046
1010,0.006207112
1011,9.0424284e-05
1012,0.0025632787
1013,0.012862742
1014,-0.014715671
1015,-0.0047187707
1016,0.01711099
1017,-0.0030926412
1018,0.019115297
1019,0.0023714174
1020,0.003837974
1021,0.021441408
1022,-0.008590503
1023,-0.009900378
1024,-0.009754053
1025,0.019687923
1026,-0.006298501
1027,0.01803141
1028,-0.022578506
1029,-0.023177277
1030,0.015744764
1031,-0.040032048
1032,-0.011270859
1033,0.009315545
1034,-0.006269275
1035,0.008717091
1036,-0.02941396
1037,-0.007984581
1038,-0.004008265
1039,0.01812755
1040,0.032722846
1041,-0.006729213
1042,0.0062597673
1043,-0.0034008492
1044,0.017804911
1045,-0.0038089387
1046,0.0016202673
1047,-0.0020169793
1048,-0.015866846
1049,0.00022909573
1050,0.02587741
1051,0.011609948
1052,-0.0094217425
1053,-0.0018214755
1054,0.0046233195
1055,0.01605085
1056,0.03161371
1057,0.017883753
1058,-0.007452251
1059,0.0066960305
1060,0.009843907
1061,-0.0015302111
1062,0.004664862
1063,0.0055586267
1064,-0.009948484
1065,0.018028917
1066,-0.0012063334
1067,0.0014013388
1068,-0.0069632456
1069,0.017007371
1070,0.008594948
1071,0.0063630487
1072,0.0058893026
1073,-0.007265218
1074,-0.0113396635
1075,-0.0017994968
1076,0.014459415
1077,-0.004406473
1078,0.018146642
1079,-0.013256112
1080,-0.008243378
1081,-0.0063866223
1082,0.012419008
1083,-0.0069066347
1084,0.004916525
1085,-0.0076701203
1086,0.005767921
1087,-0.0020106472
1088,-0.028833803
1089,0.014322246
1090,-0.001986526
1091,-0.0070889103
1092,0.0077808835
1093,-0.0013681509
1094,-0.0029355166
1095,0.019764831
1096,0.0033801047
1097,-0.0046690404
1098,0.02590291
1099,0.009746746
1100,0.014225789
1101,-0.018631699
1102,-0.018525178
1103,-0.012854352
1104,-0.014155196
1105,0.018098969
1106,0.010960247
1107,-0.004885371
1108,-0.0021676205
1109,-0.009124095
1110,-0.0018500816
1111,0.03223056
1112,0.007043634
1113,0.0117437085
1114,0.004513105
1115,-0.0029365714
1116,-0.016589383
1117,-0.01615165
1118,-0.0031725343
1119,-0.0005613116
1120,0.0019311538
1121,0.02570351
1122,0.009726816
1123,-0.0053544994
1124,0.005164537
1125,5.6132412e-05
1126,0.017141389
1127,0.01109571
1128,0.025024215
1129,0.005602504
1130,-0.008476838
1131,-0.016626835
1132,-0.0035054004
1133,0.025148727
1134,0.017455706
1135,0.0038826028
1136,0.02470752
1137,0.0010292077
1138,0.005919663
1139,0.0024344397
1140,0.018205991
1141,0.00721232
1142,0.0047494727
1143,0.00055056054
1144,-0.016235784
1145,-0.0012826257
1146,0.00966496
1147,0.013351433
1148,0.018322341
1149,0.0097280005
1150,-0.013036295
1151,-0.0005287791
1152,-0.029475667
1153,-0.018389791
1154,0.009466671
1155,-0.011638983
1156,0.029946381
1157,0.0040323986
1158,0.02110461
1159,0.007971468
1160,0.017524403
1161,0.011631896
1162,0.02157233
1163,-0.012333756
1164,-0.027783241
1165,-0.008693292
1166,-0.025053212
1167,0.0014231066
1168,0.00095878966
1169,0.004501413
1170,0.004202484
1171,0.003972108
1172,-0.021963855
1173,0.014492782
1174,0.022777086
1175,-0.01571037
1176,-0.015499743
1177,0.009401734
1178,-0.016362557
1179,0.02082109
1180,-0.021040332
1181,-0.00057691266
1182,0.016686438
1183,-0.0065922285
1184,0.009321584
1185,0.016492456
1186,0.008809133
1187,0.00019481043
1188,0.0064632003
1189,-0.019840738
1190,0.019359095
1191,0.014161252
1192,-0.009510634
1193,-0.014905874
1194,0.0030630706
1195,0.019709952
1196,0.022371747
1197,0.018691352
1198,-0.006122327
1199,0.018806983
1200,-0.0036600805
1201,0.00893539
1202,0.023594677
1203,-0.0057719974
1204,0.011823909
1205,0.0056359363
1206,0.007697089
1207,0.004156459
1208,0.027794449
1209,-0.00029808606
1210,-0.0015812212
1211,-0.014270922
1212,0.006659993
1213,0.028346308
1214,-0.026037958
1215,-0.004994769
1216,-0.0034196118
1217,-0.012517756
1218,0.012695512
1219,-0.021383006
1220,0.021286888
1221,0.010640044
1222,-0.025782
1223,-0.013539598
1224,0.013800335
1225,-0.02172729
1226,0.015810426
1227,0.027558602
1228,-0.0012823368
1229,-0.010836473
1230,0.016353616
1231,-0.02796419
1232,-0.024695145
1233,0.01114678
1234,-0.008554333
1235,0.034889698
1236,-0.01722498
1237,-0.0008233422
1238,0.011389199
1239,-0.0050395257
1240,0.007529563
1241,-0.012821178
1242,-0.020485356
1243,0.010558628
1244,-0.020903373
1245,0.021838304
1246,0.010949896
1247,-0.018700976
1248,0.013468783
1249,-0.004349868
1250,0.052433737
1251,0.014802362
1252,0.009441367
1253,-0.009110166
1254,-0.028367747
1255,-0.014082741
1256,-0.011444525
1257,0.016230907
1258,-0.013631907
1259,0.009227273
1260,0.0019514986
1261,-0.010598847
1262,-0.0008812587
1263,0.0045377696
1264,0.009222726
1265,0.021234944
1266,-0.021293253
1267,0.015260505
1268,-0.017773604
1269,0.016307287
1270,-0.015318607
1271,-0.028666064
1272,-0.024595844
1273,0.00059235794
1274,-0.004452839
1275,0.007768052
1276,-0.005525962
1277,0.00026765492
1278,0.010485927
1279,-0.006483342
1280,-0.013938565
1281,-0.023597328
1282,-0.00088294956
1283,0.020853756
1284,-0.025570534
1285,0.0070196497
1286,-0.0061840448
1287,0.028650723
1288,0.011031436
1289,0.028389212
1290,0.011198532
1291,-0.010331373
1292,0.030119432
1293,-0.033087533
1294,0.010828452
1295,0.0040678903
1296,0.00752593
1297,-0.006126975
1298,-0.0057702754
1299,-0.025621876
1300,-0.0033443195
1301,0.02936168
1302,-0.002598802
1303,0.02572776
1304,0.01282737
1305,-0.0146822315
1306,0.02681085
1307,0.020738194
1308,-0.0021194257
1309,0.036946453
1310,-0.015755126
1311,0.017365107
1312,-0.018851254
1313,-0.03331922
1314,0.017009582
1315,-0.029017255
1316,0.0055614454
1317,-0.0032763607
1318,0.005998194
1319,-0.016059902
1320,-0.017054474
1321,0.013470452
1322,0.009834043
1323,0.00059136585
1324,-0.0050665312
1325,0.012307843
1326,0.006881653
1327,-0.000867658
1328,0.011101811
1329,0.0011656535
1330,0.0016661496
1331,-0.0012241123
1332,-0.005866683
1333,0.024909724
1334,-0.00044171582
1335,-0.004157789
1336,-0.00237624
1337,-0.016333366
1338,0.00011851678
1339,-0.0052181524
1340,0.0042515136
1341,-0.0025209596
1342,0.01744626
1343,0.0020005095
1344,-0.024609642
1345,0.039541606
1346,-0.024924327
1347,-0.006870288
1348,-0.010168319
1349,0.009330661
1350,0.027104478
1351,0.0044942936
1352,-0.008303255
1353,0.017052636
1354,0.012577468
1355,0.013818448
1356,0.004434309
1357,0.015728476
1358,0.0027576864
1359,0.0058879787
1360,0.0042729755
1361,0.013122342
1362,0.009208736
1363,-0.018464176
1364,0.019601397
1365,-0.010050619
1366,0.009470827
1367,-0.01570477
1368,0.028699957
1369,0.03378316
1370,0.0066972584
1371,-0.0011792571
1372,0.0299669
1373,-0.0126530975
1374,0.028155833
1375,0.032460213
1376,-0.016597137
1377,0.0018958594
1378,-0.008700885
1379,0.009581582
1380,0.0240499
1381,0.014459076
1382,0.019524937
1383,-0.0047299396
1384,-0.008395862
1385,0.016522152
1386,0.014208141
1387,0.013637448
1388,-0.010576631
1389,-0.0026884882
1390,0.003155285
1391,0.009057379
1392,-0.015278382
1393,-0.002781814
1394,-0.0028162175
1395,-0.032210965
1396,0.004516495
1397,0.0022017723
1398,0.017486209
1399,0.01653854
1400,-0.030803788
1401,-0.004227442
1402,-0.025535572
1403,-0.020084424
1404,0.0350286
1405,-0.019064672
1406,-0.016605567
1407,-0.016963288
1408,-0.011015951
1409,-0.006281828
1410,-0.025864815
1411,-0.009036128
1412,0.0010983609
1413,0.0036342978
1414,0.036168985
1415,-0.023372073
1416,0.025684742
1417,-0.0007954518
1418,-0.021217255
1419,-0.0048194793
1420,0.02107828
1421,-0.0128518
1422,-0.024143662
1423,0.0076300832
1424,-0.02127998
1425,-0.010487983
1426,-0.025233492
1427,0.0065944344
1428,0.01726895
1429,0.0044758436
1430,0.012996583
1431,0.016758094
1432,-0.018010056
1433,0.018269973
1434,-0.021421324
1435,-0.02200212
1436,0.003058573
1437,0.006548278
1438,-0.001208007
1439,-0.003779236
1440,-0.006527952
1441,0.018085593
1442,0.005308055
1443,-0.025770115
1444,0.02292424
1445,-0.021000203
1446,0.012371345
1447,-0.0056896354
1448,-0.01854054
1449,-0.0045556608
1450,-0.009789814
1451,0.0023714777
1452,-0.0035289694
1453,-0.00031002282
1454,0.005209617
1455,-0.008094963
1456,-0.013937226
1457,0.013636021
1458,0.00813025
1459,0.0016719325
1460,-0.018729787
1461,0.0117654065
1462,-0.009056348
1463,0.012396358
1464,-0.006796669
1465,0.021938514
1466,-0.010212302
1467,-0.01958349
1468,-0.018279366
1469,-0.006872105
1470,0.03228309
1471,0.009711762
1472,0.016567022
1473,0.009564124
1474,-0.00040693994
1475,-0.0061503034
1476,0.007435845
1477,0.027114015
1478,0.014068246
1479,0.0007915933
1480,0.015344653
1481,-0.0070967176
1482,-0.00068330107
1483,0.008850543
1484,0.015976774
1485,-0.01932991
1486,0.0071046753
1487,0.032151103
1488,0.009559365
1489,0.004681643
1490,-0.019987911
1491,0.0009931256
1492,-0.005421992
1493,0.0038639277
1494,0.021762112
1495,-0.0017296649
1496,0.0016719489
1497,-0.0038801588
1498,-0.013706165
1499,-0.005505679
1500,0.02387074
1501,0.029109856
1502,-0.0068894206
1503,0.01925144
1504,0.023829106
1505,0.0055814944
1506,0.0015866983
1507,-0.00786107
1508,-0.027350774
1509,0.012034976
1510,-0.0043100677
1511,0.015331294
1512,0.02899738
1513,-0.009555593
1514,-0.0010619212
1515,-0.016422035
1516,-0.01364139
1517,0.0049373168
1518,0.0065237163
1519,-0.016155131
1520,-0.0005489359
1521,-0.011125735
1522,0.030067408
1523,0.021341184
1524,-0.031942286
1525,-0.021894084
1526,-0.010909671
1527,-0.012669988
1528,0.027146457
1529,0.02143892
1530,-0.007226189
1531,0.011833782
1532,0.015423412
1533,0.014206238
1534,0.0084036905
1535,-0.00033993085
1536,-0.035121806
1537,-0.015243729
1538,0.009215547
1539,0.02947565
1540,0.005977199
1541,0.023683894
1542,0.010960537
1543,-0.0026963537
1544,0.010037131
1545,-0.013154438
1546,-0.01585125
1547,-0.014411278
1548,-0.008765692
1549,-0.0044074096
1550,0.0018527162
1551,-0.0072865505
1552,0.0213426
1553,0.008996671
1554,0.0045434446
1555,-0.0035753793
1556,-0.0029102773
1557,-0.0206439
1558,-0.012685212
1559,-0.018267648
1560,-0.023127284
1561,-0.0043325387
1562,-0.0065197237
1563,-0.025026985
1564,0.020809732
1565,-0.0042619533
1566,0.04115356
1567,-0.029071884
1568,0.02045929
1569,-0.010686719
1570,-0.016221581
1571,-0.030622035
1572,-0.01122405
1573,-0.008903613
1574,0.0019530213
1575,-0.016248694
1576,0.011520316
1577,-0.03637908
1578,-0.01045576
1579,-0.019305235
1580,-0.02224822
1581,0.0052771536
1582,0.014861578
1583,-0.011975171
1584,0.0068457606
1585,0.009760444
1586,0.029017754
1587,-0.023741031
1588,-0.01897553
1589,0.03672758
1590,-0.012838702
1591,-0.018709231
1592,0.026500225
1593,-0.017627938
1594,-0.0005081926
1595,0.015390545
1596,0.0114752725
1597,-0.00106844
1598,-0.0053955414
1599,-0.00085438427
1600,0.00076509814
1601,0.015170404
1602,0.032564033
1603,-0.016010046
1604,-0.027490407
1605,0.026992233
1606,0.02401863
1607,0.019137932
1608,-0.031367883
1609,-0.03273977
1610,0.009031707
1611,0.008571221
1612,-0.028498296
1613,0.002903557
1614,0.0012967263
1615,-0.030252017
1616,0.018312046
1617,0.014033505
1618,-0.0028688447
1619,-0.021065801
1620,-0.013772719
1621,-0.03454287
1622,-0.01104565
1623,-0.012717533
1624,-0.018960476
1625,-0.0019467945
1626,-0.0047200425
1627,0.0063127885
1628,0.0057044546
1629,-0.016178234
1630,0.0004588214
1631,-0.023418194
1632,0.026992584
1633,-0.010853087
1634,-0.028832026
1635,0.0037231746
1636,-0.013335906
1637,-0.021279521
1638,0.013974364
1639,0.017054442
1640,-0.023933938
1641,0.0025458075
1642,-0.0057297167
1643,0.004365057
1644,-0.004591443
1645,0.0012509116
1646,0.022460597
1647,0.020145737
1648,-0.006492738
1649,0.03760535
1650,0.0010978103
1651,-0.008918788
1652,0.02834398
1653,0.017902704
1654,0.024395574
1655,-0.02714885
1656,0.023525402
1657,0.02189377
1658,0.006775852
1659,0.013532451
1660,-0.009435124
1661,-0.000390743
1662,-0.0005224304
1663,-0.004759374
1664,-0.015060456
1665,-0.0043488345
1666,-0.009610422
1667,0.0011418514
1668,-0.0054151043
1669,-0.01831688
1670,0.016119234
1671,-0.01727932
1672,0.0123162735
1673,0.004022242
1674,0.0020231996
1675,-0.029224483
1676,0.0019145063
1677,0.0042154114
1678,0.03486786
1679,-0.0072646444
1680,0.009866561
1681,0.01849474
1682,-0.04085785
1683,0.020236123
1684,0.015135938
1685,0.009940627
1686,0.007165927
1687,-0.020143596
1688,0.018236844
1689,-0.017819827
1690,-0.012059279
1691,-0.02507478
1692,-0.013399888
1693,0.025529718
1694,-0.015818622
1695,0.023023201
1696,0.0032151323
1697,0.010809221
1698,-0.015889922
1699,-0.03565164
1700,-0.014945991
1701,-0.011915837
1702,0.004324066
1703,0.014376788
1704,0.012400347
1705,0.016059414
1706,0.0026338666
1707,-0.015102425
1708,0.0048257625
1709,0.02080131
1710,0.006903722
1711,0.00030024874
1712,-0.022479324
1713,6.320229e-05
1714,-0.0027680418
1715,0.02734845
1716,0.005507809
1717,0.022965075
1718,0.031706765
1719,-0.004232085
1720,-0.004261631
1721,0.0013319465
1722,-0.017839452
1723,-0.0070255566
1724,-0.0058460906
1725,-0.0102697285
1726,0.01143399
1727,-0.02187614
1728,0.0061667585
1729,-0.0016568521
1730,0.008973922
1731,0.010426639
1732,-0.0056953216
1733,0.01191447
1734,-0.0072536673
1735,-0.011276847
1736,-0.013244565
1737,0.040790103
1738,0.013943176
1739,-0.010924671
1740,0.031077344
1741,0.0006067791
1742,0.0062533775
1743,0.011671071
1744,-0.03086174
1745,0.0018044447
1746,0.027750606
1747,0.014064772
1748,-0.0009470955
1749,-7.651899e-05
1750,0.007155596
1751,0.016025035
1752,0.00044856255
1753,0.021133645
1754,0.021287674
1755,-0.011528747
1756,-0.03225292
1757,-0.018997042
1758,-0.0061400244
1759,-0.007960158
1760,0.014572714
1761,0.009561825
1762,-0.037819654
1763,0.020244772
1764,0.017998613
1765,-0.019445607
1766,-0.01852189
1767,-0.027309014
1768,0.006559114
1769,0.011016289
1770,0.015263592
1771,0.02388521
1772,-0.019594738
1773,0.029098772
1774,0.0019166522
1775,-0.007232084
1776,0.003392356
1777,-0.0017844754
1778,-0.0019518983
1779,-0.0052157994
1780,0.002472742
1781,-0.004194469
1782,0.0066244886
1783,-0.021848073
1784,0.009863278
1785,-0.033489835
1786,0.015923204
1787,0.0054383473
1788,0.0149329165
1789,-0.0018100039
1790,0.027808657
1791,-0.03205655
1792,-0.021182828
1793,0.009341112
1794,0.018232828
1795,0.0060235546
1796,0.01588132
1797,-0.029035283
1798,-0.019733425
1799,0.03495306
1800,-0.0015763884
1801,-0.019323096
1802,0.0012051481
1803,-0.012365345
1804,-0.035216995
1805,0.013257077
1806,-0.02461197
1807,0.02575221
1808,0.002045928
1809,0.0087906495
1810,0.007831292
1811,0.014439744
1812,-0.020778688
1813,0.008650227
1814,-0.009974529
1815,0.005281854
1816,0.005426571
1817,0.0153177725
1818,-0.036940064
1819,0.007365709
1820,-0.007091416
1821,0.014011184
1822,0.0027603009
1823,0.010045113
1824,0.0016675317
1825,0.010185373
1826,-0.019422945
1827,-0.010932135
1828,0.0014655134
1829,0.00028492964
1830,-0.010476648
1831,-0.021498192
1832,-0.010188006
1833,-0.006949928
1834,0.012657668
1835,0.00264775
1836,-0.004383528
1837,-0.006692903
1838,0.0083986595
1839,-0.000710555
1840,0.001344811
1841,0.026817396
1842,-0.0041307523
1843,-0.010489437
1844,0.00813316
1845,0.0024166775
1846,0.017421113
1847,-0.017270574
1848,-0.0219855
1849,-0.0071916506
1850,0.007226349
1851,0.04175463
1852,0.042350363
1853,0.025947616
1854,0.0034256543
1855,-0.02536581
1856,0.02017334
1857,-0.010138295
1858,-0.03347436
1859,0.030516187
1860,0.037953183
1861,-0.016309561
1862,-0.033615142
1863,-0.026832473
1864,0.00013506731
1865,-0.020094935
1866,-0.01144289
1867,-0.032443453
1868,0.009093115
1869,0.03806886
1870,-0.017417578
1871,0.00013464961
1872,0.0038896434
1873,-0.005624283
1874,-0.023266751
1875,-0.0011460566
1876,-0.0074911187
1877,0.004180748
1878,0.008765693
1879,0.005249893
1880,-0.005276799
1881,-0.005276184
1882,-0.010909547
1883,0.012189748
1884,0.008361856
1885,0.014624493
1886,0.010277178
1887,-0.0038485278
1888,-0.005804724
1889,0.011143404
1890,-0.012810238
1891,0.0015393014
1892,-0.0007324527
1893,-0.021682126
1894,0.018075699
1895,-0.0064055985
1896,0.00084322965
1897,-0.03315498
1898,-0.018396758
1899,-0.008755902
1900,-0.012789854
1901,-0.004109227
1902,-0.015102265
1903,-0.011461028
1904,0.0077857347
1905,-0.01317474
1906,-0.015022749
1907,-0.004550829
1908,0.013805862
1909,-0.021743199
1910,0.02905938
1911,0.026513394
1912,0.012439972
1913,-0.0075044003
1914,0.020395791
1915,-0.017841753
1916,-0.0052195755
1917,0.020379005
1918,-0.021554824
1919,0.020958096
1920,0.018837443
1921,0.011993037
1922,0.009506043
1923,0.015864624
1924,0.0012992087
1925,-0.022831932
1926,0.02714665
1927,0.026129583
1928,0.00030034766
1929,-0.007956639
1930,0.010291332
1931,0.010354505
1932,-0.02259584
1933,-0.028116219
1934,0.008395128
1935,-0.003053925
1936,0.01072461
1937,-0.009309727
1938,0.026536416
1939,-0.0059133307
1940,-0.016590076
1941,-0.019184284
1942,0.0077491556
1943,0.01922001
1944,-0.018963285
1945,-0.004951821
1946,0.007988675
1947,0.013756901
1948,-0.009035064
1949,-0.0105910795
1950,0.004658826
1951,0.005119995
1952,-0.03197296
1953,-0.023642166
1954,-0.001909924
1955,-0.020051464
1956,-0.003558131
1957,-0.0031631396
1958,0.0065950826
1959,-0.0036085267
1960,-0.0062988587
1961,0.007855169
1962,0.00011735577
1963,-0.002647335
1964,0.032040697
1965,0.022907903
1966,-0.005563952
1967,0.00976049
1968,-0.0122796595
1969,-0.0052133473
1970,0.000110794885
1971,0.030292049
1972,-0.020119976
1973,-0.006985678
1974,0.001793486
1975,-0.0019630694
1976,0.03233055
1977,0.0077790655
1978,0.00066066405
1979,0.020627446
1980,0.013833819
1981,-0.0049183657
1982,-0.0004822712
1983,-0.022873685
1984,0.02344592
1985,0.032342162
1986,-0.01984516
1987,0.0014225671
1988,0.0022855888
1989,0.0025034607
1990,0.015567367
1991,0.01449109
1992,0.013070415
1993,-0.0017517159
1994,0.017804828
1995,0.012572374
1996,0.02339546
1997,-0.0003824768
1998,-0.010859494
1999,-0.0041269385
2000,-0.017490579
2001,-0.003450825
2002,-0.01069419
2003,-0.0038877162
2004,0.017677154
2005,0.0064508813
2006,0.021949492
2007,-0.022961568
2008,-0.007423215
2009,-0.0007730979
2010,0.0039363136
2011,0.0041321437
2012,-0.0036301492
2013,-0.006509737
2014,-0.0063869483
2015,0.00367181
2016,-0.0074952384
2017,0.00068686047
2018,-0.03557911
2019,0.0131387375
2020,0.0054905545
2021,-0.012988848
2022,-0.023682835
2023,-0.0143018365
2024,-0.0089669125
2025,-0.020687202
2026,0.025348997
2027,-0.021255452
2028,0.009239918
2029,0.016442506
2030,-0.028471658
2031,-0.010679467
2032,0.014291318
2033,-0.010620635
2034,0.015823137
2035,-0.0057396768
2036,0.021724544
2037,0.0042195627
2038,-0.03880413
2039,-0.016586062
2040,0.02702715
2041,0.029747104
2042,0.013430582
2043,-0.0046234466
2044,0.025483921
2045,-0.004434498
2046,0.004516482
2047,0.00796686
2048,-0.02548896
2049,0.015551021
2050,-0.019739967
2051,-0.025853142
2052,-0.02150513
2053,0.01082043
2054,-0.005864884
2055,-0.004340576
2056,0.02452648
2057,-0.021324024
2058,0.01609657
2059,-0.041321497
2060,-0.0056979475
2061,-0.01326376
2062,0.013542466
2063,-0.013893528
2064,-0.002978152
2065,-0.011773579
2066,0.0073629245
2067,-0.0144619765
2068,-0.0019843534
2069,0.024709329
2070,0.023443596
2071,-0.006168271
2072,0.026512986
2073,0.023884278
2074,-0.008404723
2075,0.043901622
2076,-0.0012102794
2077,-0.008536014
2078,0.012959013
2079,0.00372128
2080,0.008856818
2081,-0.019051116
2082,-0.021823028
2083,-0.011620158
2084,-0.013423457
2085,-0.01730227
2086,0.025283385
2087,0.021468423
2088,-0.0272533
2089,0.01961549
2090,0.016342217
2091,0.001409128
2092,-0.014162706
2093,-0.0065239044
2094,-0.009680854
2095,0.00025288668
2096,-0.009770362
2097,0.00043582145
2098,-0.0006704641
2099,-0.0041777324
2100,-0.0035093715
2101,-0.031428356
2102,0.019175015
2103,0.0030099794
2104,-0.012272413
2105,0.034984674
2106,-0.025166664
2107,0.0063064788
2108,-0.0016471767
2109,-0.021655865
2110,0.0340223
2111,0.023008192
2112,-0.03430006
2113,0.030974109
2114,-0.012563462
2115,0.029793702
2116,0.0068069035
2117,-0.0178155
2118,-0.00865811
2119,0.008689877
2120,0.00126338
2121,0.00843752
2122,0.013972558
2123,-0.028730195
2124,-0.02674673
2125,-0.011397943
2126,-0.019666482
2127,0.021235893
2128,0.009154305
2129,0.016210405
2130,0.029467616
2131,0.013813647
2132,-0.005324772
2133,-0.012555695
2134,-0.026504297
2135,-0.008293326
2136,0.009739783
2137,0.0070522944
2138,0.013450049
2139,-0.029293591
2140,-0.02149453
2141,-0.0046739774
2142,0.014675536
2143,-0.008484588
2144,0.003151987
2145,-0.02173248
2146,0.013266804
2147,0.017593566
2148,-0.0102735115
2149,0.020762052
2150,0.0048970846
2151,-0.029521886
2152,-0.020462997
2153,0.018353382
2154,0.006999055
2155,-0.005029427
2156,-0.007168395
2157,0.0074744103
2158,0.016695062
2159,0.01547438
2160,0.02920864
2161,0.008443678
2162,-0.0003928712
2163,0.0014038581
2164,-0.0071454085
2165,-0.01866848
2166,0.0036801184
2167,0.009652417
2168,-0.010217463
2169,0.0018185792
2170,-0.0129625425
2171,-0.001548813
2172,0.025606258
2173,-0.01271243
2174,-0.01747815
2175,-0.022715345
2176,0.028277574
2177,0.0060012434
2178,0.019332811
2179,0.01655667
2180,-0.020410327
2181,0.015475638
2182,-0.008070733
2183,-0.010548526
2184,-0.009597613
2185,-0.004699202
2186,0.0074650208
2187,-0.027555384
2188,0.0040256176
2189,-0.0033238113
2190,0.0031005205
2191,-0.026441736
2192,-0.0018795119
2193,-0.0035894571
2194,-0.0006310911
2195,0.019868607
2196,-0.022710657
2197,-0.022793991
2198,0.013375248
2199,-0.01883374
2200,0.018985404
2201,0.016124155
2202,-0.0108905295
2203,0.006189688
2204,-0.0021520983
2205,0.016120898
2206,-0.005486853
2207,-0.012563103
2208,-0.00834905
2209,-0.026642404
2210,0.003548251
2211,-0.0055677025
2212,0.004249175
2213,-0.011364644
2214,-0.00037300139
2215,-0.0007607642
2216,-0.01950315
2217,-0.015888441
2218,0.0065995506
2219,0.012612826
2220,0.009001286
2221,0.01781487
2222,-0.017246246
2223,0.004151922
2224,0.008325925
2225,-0.013835629
2226,-0.0039673927
2227,0.027772205
2228,-0.03155689
2229,0.010085944
2230,0.02367653
2231,-0.008952619
2232,-0.0075279884
2233,-0.0060542007
2234,0.016080359
2235,0.040870987
2236,6.86668e-05
2237,0.027948316
2238,0.026340341
2239,0.016757105
2240,-0.0007368771
2241,0.009270055
2242,-0.02050028
2243,0.015075774
2244,0.014679584
2245,0.013041587
2246,0.009860348
2247,0.0147738075
2248,0.01737332
2249,0.009197979
2250,-0.02410219
2251,-0.0069310623
2252,-0.0065782876
2253,-0.027027346
2254,-0.009657415
2255,-0.006428818
2256,0.021966437
2257,0.012144714
2258,-0.007846297
2259,0.0026623819
2260,-0.0050121876
2261,-0.001826966
2262,0.007038225
2263,0.003906544
2264,0.0033161745
2265,-0.01695017
2266,0.0035838766
2267,0.016928587
2268,-0.02239371
2269,-0.0121752005
2270,-0.012295123
2271,0.011931167
2272,0.00057725183
2273,0.0060005733
2274,0.014706773
2275,-0.010909325
2276,-0.008644315
2277,0.018536933
2278,-0.012370348
2279,-0.0045575686
2280,0.002150513
2281,-0.010672318
2282,-0.012862761
2283,0.01014967
2284,-0.009894777
2285,-0.018711755
2286,-0.010584768
2287,0.023063695
2288,-0.022603935
2289,0.004372086
2290,0.009171747
2291,-0.012377489
2292,0.023549989
2293,0.019155072
2294,0.010427714
2295,0.0004298035
2296,-0.007247117
2297,-0.0065749073
2298,0.010533713
2299,-0.0030203208
2300,0.0010817084
2301,0.021233084
2302,-0.01124921
2303,-0.01676895
2304,0.00819897
2305,0.010267211
2306,0.0059359926
2307,0.010211269
2308,-0.029601796
2309,-0.0047244807
2310,0.009351617
2311,-0.0007814532
2312,-0.0055817813
2313,-0.015094543
2314,0.0056655756
2315,-0.009872027
2316,-0.02690325
2317,0.03737621
2318,-0.01966196
2319,-0.014368479
2320,-0.0070285015
2321,-0.005058318
2322,0.010704064
2323,0.003929139
2324,-0.023428153
2325,0.015923416
2326,-0.01628102
2327,-0.022149546
2328,-0.017099313
2329,0.024045797
2330,0.0066935904
2331,-0.016200569
2332,-0.014919312
2333,0.0052102017
2334,-0.010714439
2335,-0.008325803
2336,0.016095871
2337,-0.006236389
2338,-0.0028956789
2339,0.0041447654
2340,-0.0011775636
2341,-0.012299842
2342,0.02418847
2343,-0.017889578
2344,-0.004423318
2345,-0.008213853
2346,0.0044029634
2347,0.011195832
2348,0.028336314
2349,0.0015083011
2350,-0.0044106026
2351,0.002884998
2352,-0.020795038
2353,-0.012982736
2354,-0.0047626537
2355,-0.006907135
2356,-0.004321194
2357,0.010046651
2358,-0.008825752
2359,0.0029941536
2360,-0.008727617
2361,0.011258838
2362,-0.006033828
2363,0.0019666837
2364,-0.01879968
2365,-0.01248333
2366,-0.03884704
2367,-0.020411288
2368,-0.01697503
2369,0.004711426
2370,-0.0019562566
2371,-0.028147012
2372,-0.0057478338
2373,-0.015085848
2374,0.0019869094
2375,0.00027890824
2376,0.009218565
2377,-0.013678966
2378,-0.010461818
2379,-0.0029217023
2380,0.02346102
2381,0.0085974485
2382,0.03305403
2383,-2.412917e-05
2384,-0.02150541
2385,0.010924425
2386,-0.00519513
2387,-0.008428654
2388,-0.009029261
2389,-0.004828338
2390,-0.013106336
2391,-0.028426627
2392,0.0035943522
2393,0.0018629566
2394,0.013984763
2395,-0.023708623
2396,0.019986717
2397,0.0065829176
2398,0.01024401
2399,-0.012925678
2400,0.0092194965
2401,0.0006750329
2402,0.0015885645
2403,0.020632904
2404,0.0008034366
2405,0.014308257
2406,0.0031483462
2407,0.0066418843
2408,-0.013856388
2409,-0.0015635317
2410,-0.0069888355
2411,0.016003914
2412,-0.019274078
2413,0.0100202495
2414,0.004772266
2415,0.010150754
2416,-0.017679207
2417,0.006444035
2418,0.023912176
2419,-0.010637045
2420,-0.0036555433
2421,0.008586541
2422,0.015058719
2423,-0.012749797
2424,-0.005932985
2425,0.017297717
2426,0.004332366
2427,-0.0019213104
2428,0.007257386
2429,0.00085878465
2430,0.01593485
2431,-0.0038727156
2432,-0.016629236
2433,0.019172408
2434,0.017098753
2435,-0.0064628404
2436,0.015287528
2437,-0.0054130107
2438,0.02290821
2439,-0.000426156
2440,-0.0011808393
2441,0.0051099183
2442,0.020936923
2443,0.003744243
2444,-0.0038520684
2445,-0.012083835
2446,-0.03344145
2447,2.47886e-07
2448,-0.015445418
2449,-0.013832864
2450,-0.0026990164
2451,-0.010783078
2452,0.011848319
2453,-0.025519757
2454,0.000714763
2455,0.020251518
2456,0.021975584
2457,-0.01761989
2458,-0.010006674
2459,0.016589478
2460,0.026538206
2461,-0.0043314383
2462,0.025913468
2463,-0.012121277
2464,-0.019126112
2465,-0.000120045304
2466,-0.004291029
2467,-0.017204301
2468,0.0008457773
2469,-0.022522476
2470,-0.036074907
2471,0.017893376
2472,0.023725566
2473,-0.0059604803
2474,0.021422
2475,0.023363208
2476,0.03214222
2477,0.014022751
2478,-0.01566045
2479,0.009479811
2480,0.021688601
2481,0.0057890355
2482,0.017074691
2483,-0.009836302
2484,-0.03197005
2485,0.018421566
2486,-0.0047402186
2487,-0.0006794225
2488,0.0042055654
2489,0.012498089
2490,-0.009058869
2491,-0.007894437
2492,0.018924188
2493,0.00059386814
2494,-0.02110815
2495,0.0017251159
2496,-0.012077576
2497,-0.022982452
2498,0.004896003
2499,0.008424965
2500,-0.010131061
2501,-0.0043061525
2502,-0.0038321898
2503,0.0054847384
2504,-0.0008895354
2505,-0.0036333113
2506,0.006490968
2507,0.011655434
2508,-0.024527993
2509,0.014843618
2510,-0.00064036803
2511,-0.023561278
2512,-0.0037235734
2513,0.00071989984
2514,0.0063595753
2515,0.011003157
2516,-0.013302485
2517,-0.010158845
2518,-0.024705308
2519,-0.0024742703
2520,0.0024982127
2521,0.02461952
2522,0.008808021
2523,0.035879873
2524,-0.010539803
2525,-0.0058998684
2526,0.00816298
2527,0.010970392
2528,-0.019523341
2529,-0.002911306
2530,-0.014035893
2531,-0.022895494
2532,-0.0036069003
2533,-0.018195046
2534,0.0048121377
2535,0.024797218
2536,-0.011238659
2537,0.018681185
2538,-0.0103799645
2539,0.029698197
2540,0.0141058285
2541,0.00073596823
2542,0.008521537
2543,0.0015570096
2544,-0.006019899
2545,0.003707604
2546,-0.00063053716
2547,-0.013397002
2548,0.0014061253
2549,0.006482412
2550,-0.002369437
2551,-0.0042092963
2552,-0.008859412
2553,-0.007511718
2554,-0.015653156
2555,-0.012266999
2556,0.00818022
2557,0.01828563
2558,-0.027717136
2559,-0.004875157
2560,0.011643614
2561,0.0104342755
2562,0.0036416682
2563,-0.035186026
2564,0.004961906
2565,-0.0030328913
2566,-0.020011276
2567,0.03124682
2568,0.0059425225
2569,-0.016105434
2570,-0.025484366
2571,-0.02055364
2572,9.386225e-05
2573,-0.008938377
2574,0.0011871575
2575,-0.00614849
2576,0.017878547
2577,0.01654467
2578,0.012594716
2579,-0.001411364
2580,-0.007961422
2581,-0.0126845725
2582,-0.010233279
2583,-0.011231357
2584,-0.008038331
2585,-0.020090152
2586,0.0074210856
2587,0.021420458
2588,-0.004061656
2589,-0.010051581
2590,0.0018040168
2591,-0.0071085654
2592,-0.008348657
2593,-0.010197051
2594,-0.015338067
2595,0.007649217
2596,0.011935362
2597,0.013276669
2598,0.009261215
2599,-0.018430209
2600,0.016421378
2601,-0.0004457066
2602,0.0014452296
2603,0.016015919
2604,-0.016954258
2605,-0.026912725
2606,-0.00082597596
2607,0.011751562
2608,-0.020715006
2609,-0.017053984
2610,0.019958057
2611,-0.016635563
2612,-0.033780914
2613,0.0060528605
2614,0.013321708
2615,0.02614601
2616,-0.015422193
2617,-0.006779804
2618,0.005598944
2619,-0.0100072315
2620,-0.013907475
2621,0.0034532135
2622,-0.02918
2623,0.0066546863
2624,-0.002479866
2625,0.011312081
2626,0.032158207
2627,0.012523691
2628,0.0153618185
2629,-0.010467744
2630,0.023895893
2631,0.018487202
2632,-0.021025313
2633,-0.006917193
2634,-0.0053159394
2635,-0.030461352
2636,0.02866584
2637,0.025752703
2638,-0.013233889
2639,0.011018445
2640,0.0024091173
2641,0.013867991
2642,-0.005579267
2643,0.0014328739
2644,0.012625697
2645,-0.019378273
2646,-0.0121682
2647,-0.016768675
2648,0.023248807
2649,0.006910672
2650,0.00856399
2651,-0.021699896
2652,-0.005706789
2653,0.029149583
2654,0.008568722
2655,-0.0052492735
2656,-0.02657022
2657,0.0014891621
2658,0.0008355223
2659,0.021184172
2660,-0.012861895
2661,0.00927589
2662,0.011098728
2663,0.0073037995
2664,-0.010727746
2665,-0.0031719438
2666,-0.0031960877
2667,0.002813167
2668,-0.00092911127
2669,0.011766608
2670,-0.029332325
2671,-0.01245251
2672,0.012385079
2673,0.021603815
2674,4.0637955e-05
2675,-0.0020754437
2676,-0.03217806
2677,-0.0038620094
2678,0.013731163
2679,0.007683417
2680,-0.0032013834
2681,-0.022422621
2682,0.02334619
2683,0.016430236
2684,0.011200289
2685,-0.0020750528
2686,0.015771685
2687,-0.0023848012
2688,-0.0017051618
2689,0.0048096837
2690,-0.0030222747
2691,-0.0026569103
2692,0.022034017
2693,0.032015324
2694,0.015041193
2695,-0.020181224
2696,0.024869386
2697,0.026006917
2698,0.020961864
2699,-0.0056382394
2700,0.01483271
2701,-0.020264974
2702,-0.0034926678
2703,0.0038549062
2704,-0.0086007975
2705,0.013874253
2706,0.014443088
2707,-0.0056447214
2708,0.0069773444
2709,-0.0015639628
2710,0.00036968492
2711,-0.00016204205
2712,-0.0045334697
2713,-0.0028079404
2714,-0.020888966
2715,0.010187282
2716,-0.007249671
2717,0.01593424
2718,0.009798436
2719,-0.001098478
2720,0.0018660973
2721,-0.008831535
2722,0.0062119216
2723,0.027108273
2724,0.007990112
2725,-0.015143722
2726,-0.00406858
2727,0.009015261
2728,0.0107367635
2729,-0.033383835
2730,0.02248051
2731,-0.00014470561
2732,-0.009216112
2733,-0.010291412
2734,0.0029822006
2735,0.0005619227
2736,0.037697818
2737,-0.0059449244
2738,0.0015661604
2739,0.008236557
2740,-0.007818319
2741,-0.016827568
2742,0.013700602
2743,0.017451817
2744,0.016183758
2745,0.016351867
2746,-0.011458007
2747,-0.027901907
2748,-0.009590823
2749,0.02326191
2750,0.01266404
2751,-0.01252318
2752,0.0074367397
2753,-0.021858364
2754,-0.008801891
2755,-0.005128675
2756,0.013331493
2757,-0.0022275995
2758,0.004664097
2759,-0.02041806
2760,-0.0057754377
2761,-0.025627002
2762,-0.016237188
2763,0.005221509
2764,-0.01631609
2765,-0.006776174
2766,-0.0024831477
2767,0.0018332881
2768,0.017093988
2769,-0.01129
2770,-0.010824238
2771,0.023276871
2772,0.0075752595
2773,0.00424762
2774,0.01054253
2775,0.009753298
2776,-0.01829988
2777,-0.007833088
2778,0.011620599
2779,-0.008282153
2780,-0.010536857
2781,-0.019472571
2782,0.008129373
2783,0.019638184
2784,0.010089859
2785,0.007965552
2786,0.013585389
2787,-0.001739115
2788,-0.013452278
2789,-0.018305035
2790,-0.003164251
2791,0.0040824553
2792,0.010918428
2793,-0.019045174
2794,-0.019709758
2795,-0.0023168782
2796,0.0043829144
2797,-0.020631595
2798,0.023628341
2799,-0.005893307
2800,-0.0072504953
2801,0.004251666
2802,0.023622867
2803,0.01885438
2804,-0.0040875175
2805,0.03194645
2806,-0.02005989
2807,0.0044885864
2808,-0.00027093667
2809,-0.010902196
2810,0.0019889092
2811,-0.014496424
2812,0.0024172307
2813,0.025266914
2814,0.0020273402
2815,-0.0132466685
2816,-0.0069054253
2817,0.02396056
2818,0.010478833
2819,0.0021220788
2820,0.00035040735
2821,-0.0045997947
2822,0.004437393
2823,0.00013954783
2824,0.016115494
2825,0.0026270787
2826,-0.012409062
2827,0.010996184
2828,-0.013290346
2829,0.015757846
2830,0.009384885
2831,-0.02221413
2832,0.009762067
2833,0.0036454697
2834,-0.0006515234
2835,-0.0042468915
2836,-0.024708413
2837,0.025078066
2838,-0.03186257
2839,-0.020939503
2840,0.009149664
2841,-0.021038536
2842,-0.003719298
2843,0.0060624178
2844,-0.01004412
2845,0.008554489
2846,-0.016748045
2847,-0.010886131
2848,0.0035561381
2849,-0.030980455
2850,0.018829945
2851,-0.014137699
2852,-0.020827133
2853,-0.009751444
2854,0.014389124
2855,0.024460506
2856,0.014677984
2857,0.0018429543
2858,-0.0061247204
2859,0.0055952542
2860,0.023469849
2861,-0.009860242
2862,-0.015528808
2863,-0.011142896
2864,0.024153667
2865,0.006570865
2866,-0.022397177
2867,0.008595673
2868,-0.010679615
2869,-0.0072810575
2870,-0.007288352
2871,-0.0030326922
2872,-0.018625751
2873,0.019388909
2874,-0.015616354
2875,0.0018375531
2876,0.023842234
2877,0.012774023
2878,-0.030319031
2879,-0.003273079
2880,0.0067583323
2881,-0.0035089247
2882,-0.011475011
2883,0.0097624045
2884,-0.027872885
2885,-0.019449934
2886,-0.025273127
2887,0.0011807467
2888,0.024283504
2889,0.0050064926
2890,0.026191032
2891,-0.041171227
2892,0.0025848912
2893,-0.00086766307
2894,-0.0027685477
2895,0.006579605
2896,-0.0017382002
2897,-0.009500447
2898,-0.0036186255
2899,-0.010833739
2900,0.025709767
2901,-0.007306167
2902,-0.009445451
2903,0.012403016
2904,-0.005789033
2905,-0.019325573
2906,-0.0037128804
2907,-0.034645136
2908,-0.004995188
2909,-0.013290556
2910,0.0046409857
2911,0.009878777
2912,0.006405597
2913,0.014835634
2914,-0.011380694
2915,0.0055285366
2916,0.012615775
2917,-0.012588704
2918,0.009301674
2919,-0.006867999
2920,0.0070830616
2921,-0.0057460526
2922,0.0259755
2923,-0.011310082
2924,0.011800799
2925,-0.006104849
2926,0.011952966
2927,0.008037997
2928,-0.022951834
2929,-0.020143185
2930,-0.008883011
2931,-0.0037765978
2932,-0.004735476
2933,0.0003887168
2934,0.0003129811
2935,0.0032003745
2936,-0.0048148623
2937,-0.004005372
2938,0.0013586333
2939,-0.0026044156
2940,-0.00404166
2941,-0.010230337
2942,0.0008722559
2943,0.013767962
2944,0.036646932
2945,-0.00032319175
2946,-0.022581665
2947,0.012381234
2948,-0.0037564135
2949,0.016890043
2950,-0.0120993955
2951,-0.020333901
2952,0.027848016
2953,-0.015954839
2954,-0.023029415
2955,0.011031708
2956,0.029025258
2957,-0.023444047
2958,0.017203346
2959,-0.0039537353
2960,0.012904388
2961,-0.021827236
2962,-0.036862023
2963,-0.006689134
2964,-0.008715241
2965,0.021930827
2966,0.013944817
2967,0.018921306
2968,0.033215106
2969,0.012581833
2970,0.028758751
2971,-0.0043541645
2972,0.004903759
2973,-0.0012078359
2974,0.02035907
2975,-0.021084646
2976,0.011234266
2977,-0.00169924
2978,0.013276503
2979,0.018930715
2980,0.015687635
2981,-0.030355893
2982,0.00015777821
2983,0.012347344
2984,-0.0048280247
2985,-0.0012078026
2986,0.017578598
2987,-0.0029035648
2988,0.0049609845
2989,0.0061541186
2990,-0.014073895
2991,0.011790828
2992,0.006624286
2993,-0.019183481
2994,-0.020270333
2995,0.003630708
2996,-0.013513869
2997,-0.013546854
2998,-0.008224023
2999,-0.032363076
3000,0.019683562
3001,0.033839524
3002,-0.016830157
3003,0.0073672524
3004,-0.011554859
3005,-0.0048533455
3006,-0.0028444424
3007,0.00017109829
3008,0.0025886344
3009,0.004735936
3010,-0.007939619
3011,-0.012746892
3012,-0.005134224
3013,0.016662734
3014,-0.025648711
3015,-0.0068013202
3016,-0.0060329014
3017,0.0026292112
3018,0.006209089
3019,0.00515893
3020,0.008416622
3021,-0.0140711
3022,-0.020620689
3023,-0.005673307
3024,0.009241172
3025,0.013206298
3026,-0.015397444
3027,0.024145894
3028,-0.009066912
3029,0.008193711
3030,0.022650165
3031,0.00654272
3032,-0.026187716
3033,0.017886896
3034,0.0022451952
3035,-0.0036285517
3036,0.029600715
3037,-0.008544729
3038,-0.017379817
3039,0.023821577
3040,-0.0057204356
3041,-0.011566421
3042,0.019255068
3043,-0.0064894566
3044,0.005812176
3045,0.0042790845
3046,-0.005731403
3047,-0.0070003374
3048,0.0222325
3049,-0.014220869
3050,-0.009313582
3051,0.019815218
3052,0.02545882
3053,0.011295629
3054,-0.0002019705
3055,-0.00020454715
3056,-0.012936228
3057,-0.017176157
3058,0.004970365
3059,-0.011991217
3060,-0.031728525
3061,0.023413401
3062,0.014782647
3063,-0.0037579227
3064,-0.011334406
3065,0.01719502
3066,0.008219885
3067,-0.023931252
3068,-0.0033926344
3069,0.007389157
3070,0.011895522
3071,0.026214706
3072,-0.00043352207
3073,6.0089977e-05
3074,-0.014586183
3075,0.02916617
3076,-0.002489177
3077,0.016910672
3078,0.0149935
3079,-0.005762113
3080,0.01761887
3081,0.010601469
3082,-0.0031709974
3083,0.016311077
3084,-4.2268828e-05
3085,-0.0019359449
3086,-0.013710686
3087,-0.012828799
3088,-0.017296813
3089,-0.015873078
3090,-0.00034536154
3091,-0.021569315
3092,-0.0041499306
3093,0.0062568835
3094,0.019052133
3095,0.009592878
3096,0.0004353566
3097,-0.005837029
3098,0.0115293125
3099,-0.015923651
3100,0.012662024
3101,0.036980037
3102,-0.009788052
3103,-0.007908155
3104,0.0039798664
3105,0.0042249896
3106,-0.020725444
3107,0.0043216106
3108,-0.008552632
3109,0.019155065
3110,-0.010823942
3111,0.029746981
3112,0.01730688
3113,-0.0063792244
3114,0.019130675
3115,-0.0032931247
3116,-0.02233616
3117,-0.002693341
3118,0.009247195
3119,-0.02315075
3120,0.024872074
3121,-0.021106675
3122,-0.008350346
3123,-0.004431853
3124,0.014558288
3125,-0.016919522
3126,0.0042291717
3127,-0.018169232
3128,-0.0026985735
3129,0.01114779
3130,0.00052256644
3131,-0.005200116
3132,-0.0059829853
3133,-0.011789853
3134,-0.012786914
3135,0.028837064
3136,-0.02577739
3137,0.0022577168
3138,0.024250627
3139,-0.01319829
3140,0.01660304
3141,-0.0077492227
3142,0.00703147
3143,-0.011232707
3144,-0.013795854
3145,-0.022905895
3146,-0.020515008
3147,0.009430421
3148,0.031074718
3149,0.015009449
3150,-0.0046173995
3151,-0.01887188
3152,0.019786756
3153,-0.016377477
3154,-0.0051943087
3155,0.008027052
3156,0.017548768
3157,0.016189646
3158,0.008792487
3159,-0.014119432
3160,0.009199106
3161,0.0072220583
3162,-0.0014899746
3163,-0.0015802253
3164,0.025647571
3165,0.013784265
3166,-0.009164572
3167,-0.010235387
3168,0.008891836
3169,-0.018827701
3170,0.02321218
3171,-0.008205995
3172,-1.5808779e-05
3173,-0.014098259
3174,0.016888957
3175,-0.017446589
3176,-0.01737194
3177,-0.012068468
3178,0.027149232
3179,-0.006840532
3180,0.03141707
3181,-0.00555454
3182,0.011121888
3183,0.0020503323
3184,0.014660996
3185,0.031435367
3186,0.013649187
3187,0.021705773
3188,-0.023344427
3189,-0.014957393
3190,0.01673087
3191,0.0024222143
3192,0.0035224354
3193,0.0030139792
3194,-0.022948569
3195,-0.0119475955
3196,-0.0039739017
3197,0.017194252
3198,0.036354274
3199,0.02968586
3200,-0.009781029
3201,-0.0069184923
3202,-0.008369178
3203,-0.009039445
3204,-0.010340966
3205,-0.017824398
3206,-0.0060199425
3207,0.008106433
3208,-0.0049781594
3209,-0.003323306
3210,-0.007744942
3211,-0.021600228
3212,-0.017462812
3213,0.010675281
3214,0.010849705
3215,0.001900998
3216,-0.0071054385
3217,-0.001529269
3218,-0.025682574
3219,0.01688663
3220,0.019034514
3221,0.0075997273
3222,0.04153203
3223,0.011961207
3224,0.010715131
3225,-0.0076101064
3226,-0.012426734
3227,-0.020177104
3228,0.009207966
3229,-0.025005542
3230,0.017793544
3231,-0.0043862537
3232,-0.0034159352
3233,-0.010318108
3234,-0.004532661
3235,0.0124849975
3236,0.009387616
3237,0.004533792
3238,0.0017519017
3239,0.0013318969
3240,-0.002337973
3241,0.01276282
3242,-0.0022172655
3243,0.01537133
3244,-0.015519115
3245,-0.0025651578
3246,-0.008784679
3247,0.000985926
3248,-0.021679923
3249,0.013563797
3250,0.020720724
3251,-0.0013909366
3252,0.008434271
3253,-0.00975974
3254,-0.0024481814
3255,-0.018526902
3256,0.015875893
3257,0.027066182
3258,-1.5875252e-05
3259,0.014881846
3260,-0.0060061445
3261,-0.010930218
3262,0.008888199
3263,0.005355959
3264,0.01772892
3265,-0.02102478
3266,0.008567085
3267,-0.012964412
3268,-0.012758759
3269,0.008266182
3270,-0.005973357
3271,0.0066276095
3272,-0.005311487
3273,0.01659892
3274,0.020521712
3275,0.011802733
3276,0.004343012
3277,0.0016271089
3278,0.014394456
3279,0.010976916
3280,0.008373989
3281,0.015421418
3282,-0.023120888
3283,0.003833173
3284,0.0013001073
3285,0.017072918
3286,-0.0089430325
3287,-0.01776695
3288,0.014179916
3289,0.00047742846
3290,-0.02900938
3291,-0.030541113
3292,-0.0052775387
3293,-0.016111547
3294,-0.0023029228
3295,0.032002274
3296,0.013807967
3297,0.022376575
3298,0.03458756
3299,0.007598796
3300,-0.0031590103
3301,0.028177587
3302,-0.008147585
3303,0.017198054
3304,-0.0040530753
3305,0.035305277
3306,0.0047269017
3307,-0.0092513645
3308,-0.011387562
3309,0.020971388
3310,0.0014073879
3311,0.011521143
3312,0.0011058204
3313,0.009016521
3314,-0.0024733532
3315,-0.009545339
3316,0.012675971
3317,-0.0029075241
3318,-0.00090437307
3319,0.015124413
3320,-0.0037659141
3321,-0.0041095335
3322,-0.019811215
3323,0.007135706
3324,-0.022344686
3325,0.007990673
3326,-0.010388191
3327,0.025457066
3328,0.0018465432
3329,-0.043157615
3330,-0.00790925
3331,-0.014263072
3332,-0.0075947465
3333,0.0075537614
3334,-0.0050398204
3335,-0.0007734215
3336,-0.012527287
3337,0.007488652
3338,0.00548219
3339,-0.026228184
3340,0.011773355
3341,0.0031292678
3342,0.01911751
3343,-0.023771405
3344,0.010999046
3345,0.015278542
3346,0.008876196
3347,-0.016031513
3348,-0.012729617
3349,-0.018401371
3350,-0.028332058
3351,-0.0033737202
3352,0.01911605
3353,0.018477265
3354,0.038793195
3355,-0.018627204
3356,-0.02441777
3357,-0.02158913
3358,0.01668317
3359,-0.019771012
3360,0.0016642885
3361,0.021234056
3362,0.029130148
3363,-0.0019334427
3364,0.011390596
3365,-0.022997104
3366,0.0073211845
3367,-0.016629677
3368,-0.010234538
3369,0.025329385
3370,-0.014157873
3371,0.012109422
3372,0.007953292
3373,-0.009443834
3374,0.0138386125
3375,-0.0154257845
3376,0.0011655502
3377,-0.0340372
3378,0.016176831
3379,0.01064028
3380,-0.00714907
3381,0.015627347
3382,0.010521292
3383,0.00032270254
3384,-0.014040807
3385,0.02199313
3386,-0.0028878336
3387,-0.007385286
3388,0.0049266615
3389,-0.0039025582
3390,0.007142484
3391,0.002405163
3392,-0.032520562
3393,-0.01659019
3394,-0.008758985
3395,0.035495296
3396,-0.00014836747
3397,0.01416637
3398,-0.012159517
3399,-0.009169358
3400,0.004871124
3401,0.011328631
3402,-0.01065145
3403,0.021106606
3404,0.0039985245
3405,-0.016602313
3406,-0.03410442
3407,-0.0010477324
3408,-0.004515781
3409,0.0010948182
3410,-0.0077776243
3411,-0.032843716
3412,0.0065808366
3413,0.0055714645
3414,-0.011500812
3415,-0.016463866
3416,0.020224389
3417,0.020052886
3418,0.010666196
3419,-0.0067129466
3420,0.004474497
3421,0.0060111196
3422,-0.0011201819
3423,0.009046483
3424,0.004509442
3425,-0.0045893877
3426,-0.009151114
3427,-0.0282862
3428,-0.02501284
3429,-0.021559887
3430,-0.011306448
3431,-0.006881375
3432,0.0011843562
3433,0.0011017135
3434,0.011918345
3435,-0.026555067
3436,0.0025311573
3437,-0.035927195
3438,-0.023747949
3439,0.0016741635
3440,0.0061331764
3441,-0.035138402
3442,0.013748436
3443,0.01946584
3444,0.009709859
3445,-0.015773188
3446,0.005684442
3447,0.0023984413
3448,-0.026455289
3449,0.011061526
3450,-0.012082219
3451,-0.009210962
3452,0.004108844
3453,0.013932629
3454,0.01799469
3455,-0.0025392494
3456,2.89729e-05
3457,-0.0022571082
3458,0.0006059097
3459,-0.008490059
3460,-0.035361428
3461,0.009625479
3462,-0.008924392
3463,-0.008342558
3464,0.00828219
3465,-0.020634566
3466,0.004419092
3467,0.002226232
3468,-0.02255657
3469,0.0043064076
3470,-0.01463439
3471,0.00842237
3472,-0.0019897774
3473,-0.002439443
3474,-0.017847154
3475,0.04265526
3476,-0.0060064797
3477,-0.015389281
3478,-0.02172069
3479,-0.006756074
3480,-0.017931813
3481,0.00045659408
3482,0.015212166
3483,0.014611686
3484,-0.012753049
3485,-0.017730312
3486,-0.020411398
3487,-0.011749896
3488,0.018698191
3489,-0.0015441797
3490,0.00018519553
3491,-0.010229647
3492,0.026524914
3493,-0.007854657
3494,0.018472435
3495,-0.013750676
3496,0.0020397282
3497,0.017516833
3498,0.02085455
3499,-0.015587407
3500,0.014560703
3501,0.007914854
3502,0.021777926
3503,0.008754285
3504,-0.0034043558
3505,0.029881287
3506,-0.012027113
3507,0.0240847
3508,0.007696079
3509,0.019455768
3510,0.0003208145
3511,-0.02401175
3512,-0.010645407
3513,-0.009147298
3514,0.016373659
3515,0.008043138
3516,0.031166846
3517,0.01953433
3518,0.006009749
3519,-0.01111967
3520,-0.037461348
3521,0.0044439263
3522,-0.023752064
3523,-0.0016429445
3524,-0.006762288
3525,-0.0040788096
3526,-0.007990464
3527,-0.011180487
3528,-0.0064756805
3529,-0.0043870895
3530,-0.013118505
3531,-0.005222671
3532,-0.010309512
3533,0.01348882
3534,-0.021784414
3535,0.013865957
3536,0.012220134
3537,0.0029235843
3538,0.007846831
3539,-0.009490595
3540,0.019540431
3541,0.0039344304
3542,0.007613242
3543,-0.021182995
3544,-0.0038231602
3545,-0.009971992
3546,0.01776013
3547,-0.021772146
3548,0.0158511
3549,0.009788091
3550,-0.013108858
3551,0.007836635
3552,0.015927942
3553,-0.01914131
3554,0.0057454114
3555,-0.0553765
3556,-0.019028395
3557,0.007479476
3558,0.0019465047
3559,0.022308843
3560,0.009975366
3561,-0.022488423
3562,-0.0039597703
3563,0.0046162666
3564,0.021638708
3565,-0.014755328
3566,0.027624788
3567,0.017743079
3568,-0.012763885
3569,-0.006036289
3570,0.0214038
3571,0.008939218
3572,-0.013602847
3573,-0.01980831
3574,0.031685535
3575,0.021529905
3576,-0.022603681
3577,-0.018108383
3578,0.026609493
3579,0.0049449527
3580,0.017424073
3581,-0.013633864
3582,-0.0048793703
3583,0.018864486
3584,0.0108930655
3585,0.030416964
3586,-0.023436986
3587,0.0071491855
3588,0.0017118399
3589,0.006319333
3590,-0.017862843
3591,0.016922986
3592,0.006278258
3593,-0.016733821
3594,-0.0073442264
3595,0.015839102
3596,-0.01215634
3597,-0.0011734016
3598,0.028767312
3599,0.022286909
3600,-0.0025498108
3601,-0.013084557
3602,-0.0049754083
3603,0.01278776
3604,-0.017471517
3605,-0.013600325
3606,-0.012552426
3607,-0.006979712
3608,0.014216005
3609,-0.009066044
3610,0.011119876
3611,0.007509017
3612,0.019115435
3613,-0.018320726
3614,-0.028883949
3615,-0.03211392
3616,-0.020776387
3617,-0.006674142
3618,-0.00794768
3619,0.00044942892
3620,-0.010771007
3621,-0.026747135
3622,-0.00423963
3623,-0.0028190303
3624,0.008994356
3625,-0.008462576
3626,-0.018271819
3627,-0.0038264017
3628,0.010872429
3629,0.01592658
3630,-0.015351841
3631,-0.003651519
3632,-0.013183002
3633,-0.020331724
3634,-0.02238711
3635,-0.015825048
3636,0.03589443
3637,0.03582641
3638,-0.009611669
3639,-0.0023636105
3640,-0.03258565
3641,-0.009748979
3642,-0.024186587
3643,0.012270881
3644,-0.00499553
3645,0.019983625
3646,0.008263961
3647,-0.00382669
3648,0.028190874
3649,0.0046087867
3650,0.009577165
3651,-0.019372897
3652,0.0076969042
3653,0.011501304
3654,-0.009988172
3655,-0.0007619508
3656,-0.0030900026
3657,-0.021060782
3658,0.01230593
3659,-0.005452487
3660,0.003152484
3661,0.016442042
3662,0.010002534
3663,0.010643324
3664,-0.036523234
3665,-0.011022048
3666,0.0037328652
3667,0.023777956
3668,0.004216562
3669,0.005400149
3670,0.012563427
3671,0.0070978175
3672,0.016633976
3673,0.0030254936
3674,-0.0054144883
3675,-0.013337674
3676,-0.006839912
3677,0.01485905
3678,0.016738925
3679,-0.03847408
3680,0.0066930456
3681,-0.026233522
3682,-0.014120645
3683,0.02073552
3684,-0.02468513
3685,0.0144885415
3686,0.0065374402
3687,-0.0018288553
3688,-0.012903268
3689,0.017351229
3690,0.016501542
3691,0.011766901
3692,0.007242616
3693,0.0013903544
3694,0.00615432
3695,0.007065019
3696,0.006129448
3697,0.010748115
3698,-0.01830642
3699,-0.0006383929
3700,-0.012529023
3701,-0.012651373
3702,0.005071471
3703,0.008657958
3704,0.0037848968
3705,0.034239728
3706,-0.016953388
3707,-0.017093623
3708,0.0259588
3709,0.007058643
3710,0.004505447
3711,-0.009450664
3712,-0.004317854
3713,0.004339837
3714,0.022252314
3715,0.0058052926
3716,0.018500619
3717,-0.017121552
3718,0.01631055
3719,-0.00082447653
3720,-0.007242589
3721,-0.005136679
3722,0.023035523
3723,-0.004629925
3724,0.008487797
3725,0.019062303
3726,0.029152403
3727,0.022647604
3728,0.0033351087
3729,-0.019846352
3730,0.010580118
3731,-0.008548558
3732,0.018523812
3733,0.00031217086
3734,-0.020989921
3735,0.026155718
3736,0.0009210555
3737,0.0009991922
3738,-0.02491584
3739,-0.011521329
3740,-0.013162228
3741,0.015677022
3742,0.014791507
3743,0.0028935377
3744,-0.011179408
3745,0.005843802
3746,-0.027124794
3747,0.024410341
3748,0.0048274854
3749,-0.02317174
3750,-0.009152398
3751,0.013455639
3752,-0.007022031
3753,0.015256823
3754,-0.01866414
3755,0.006160733
3756,0.0022226872
3757,0.032759756
3758,0.0028641734
3759,0.022944301
3760,0.027686033
3761,0.015641324
3762,0.033330746
3763,-0.0036564835
3764,-0.009493664
3765,0.010703147
3766,-0.0057502347
3767,-0.0027538436
3768,-0.032586608
3769,0.0063668815
3770,0.0084452545
3771,0.024200177
3772,0.00078220415
3773,-0.01947993
3774,-0.00018981982
3775,0.02573441
3776,-0.011658597
3777,-0.010920122
3778,0.036799155
3779,-0.041054513
3780,-0.017450986
3781,0.010780973
3782,-0.021575065
3783,-0.012822552
3784,-0.0075578145
3785,0.03135387
3786,-0.0060199737
3787,0.0070197303
3788,-0.025014928
3789,0.029355481
3790,-0.020684572
3791,0.0022099798
3792,0.020609435
3793,0.0073014037
3794,-0.017071405
3795,0.009457646
3796,-0.023160024
3797,-0.00277213
3798,-0.016785106
3799,0.0012380884
3800,0.0061879074
3801,-0.002724396
3802,-0.025888627
3803,0.019686433
3804,-0.0022028023
3805,-0.0077896924
3806,0.030236065
3807,0.002130535
3808,-0.012142812
3809,0.021562388
3810,0.00088667637
3811,-0.0072184694
3812,-0.0051703714
3813,0.008905401
3814,-0.0035735264
3815,0.007056453
3816,-0.0063222507
3817,0.00897408
3818,0.0054464624
3819,0.027202476
3820,0.028096106
3821,0.013995954
3822,-0.006486827
3823,-0.004508901
3824,-0.010376122
3825,-0.007094034
3826,-0.000693622
3827,0.018230874
3828,-0.012034276
3829,-0.008607511
3830,-0.035669647
3831,-0.0034447531
3832,-0.005120872
3833,-0.01572635
3834,0.013116477
3835,0.006554471
3836,-0.008316551
3837,0.009144403
3838,0.026805636
3839,0.006615214
3840,-0.025137626
3841,0.013807628
3842,-0.0015010096
3843,-0.017625276
3844,0.021535652
3845,-0.019466339
3846,-0.022011839
3847,0.012788958
3848,-0.004468714
3849,-0.0042919302
3850,-0.016286587
3851,-0.008475065
3852,-0.0013159337
3853,0.0066888244
3854,-0.00588513
3855,-0.004358032
3856,-0.0005412764
3857,-0.04554011
3858,-0.017394098
3859,-0.018183671
3860,-0.01874928
3861,-0.023143325
3862,-0.0143314535
3863,-0.014217135
3864,-0.0010976739
3865,-0.010379164
3866,-0.010244745
3867,0.027650848
3868,-0.005390482
3869,0.020993475
3870,-0.01990557
3871,0.03187762
3872,0.012199898
3873,-0.010668837
3874,0.030046092
3875,-0.013317774
3876,-0.0063466723
3877,0.0006494203
3878,0.017058842
3879,0.014291812
3880,0.007131746
3881,-0.020897463
3882,0.004270379
3883,-0.00085301505
3884,0.008529358
3885,-0.012881917
3886,0.007342181
3887,-0.012203023
3888,0.022211382
3889,-0.012021506
3890,-0.0088281045
3891,0.036299758
3892,0.01577098
3893,0.016070493
3894,-0.003230995
3895,-0.016031928
3896,-0.001906095
3897,0.0029640961
3898,-0.02039716
3899,0.01429673
3900,-0.010816956
3901,0.036040835
3902,0.009019995
3903,-0.001311336
3904,-0.020300195
3905,0.029750802
3906,-0.0050654607
3907,-0.00737571
3908,0.013656279
3909,-0.018064676
3910,-0.0338121
3911,0.024716804
3912,-0.011906056
3913,0.0020978532
3914,-0.013127806
3915,-0.0129607655
3916,-0.017447602
3917,-0.006726703
3918,-0.017797908
3919,0.016627217
3920,0.02338738
3921,-0.0066227675
3922,-0.012981536
3923,-0.017772045
3924,0.011597535
3925,-0.013490853
3926,0.03270656
3927,-0.027175121
3928,-0.004483671
3929,0.01456185
3930,0.021185912
3931,-0.015797047
3932,-0.015838312
3933,-0.0072623636
3934,-0.0075722844
3935,0.008010422
3936,-0.014418394
3937,-0.01231824
3938,0.003494895
3939,0.0005762702
3940,0.01681093
3941,0.003936113
3942,-0.007810033
3943,-0.00025209613
3944,-0.009188304
3945,-0.011923857
3946,-0.020985262
3947,-0.018482083
3948,-0.019323368
3949,0.0030540042
3950,-0.00921036
3951,0.0036102138
3952,0.008093905
3953,-0.001605051
3954,-0.003703331
3955,0.0049862512
3956,0.008588089
3957,0.0021352149
3958,-0.023879757
3959,0.0007227178
3960,0.012912781
3961,0.007802918
3962,-0.0010223509
3963,-0.016193379
3964,-0.019778173
3965,-0.0051041106
3966,0.0032592171
3967,-0.003754617
3968,0.015886344
3969,-0.009649392
3970,0.017744604
3971,0.0054746624
3972,-0.016806658
3973,-0.026336053
3974,0.0066292174
3975,0.016958294
3976,-0.010379598
3977,-0.039399955
3978,0.011921844
3979,-0.020450883
3980,0.0036979688
3981,0.0025061874
3982,-0.026071751
3983,-0.043840904
3984,-0.009657857
3985,0.022375645
3986,0.01964962
3987,-0.01683223
3988,-0.014696237
3989,-0.019289853
3990,-0.028641034
3991,-0.014534203
3992,0.0039634625
3993,0.0030713435
3994,0.031822156
3995,-0.0038260526
3996,-0.0043581207
3997,-0.018347556
3998,0.005885878
3999,0.0222777
4000,-0.015304411
4001,-0.0008561836
4002,-0.015396709
4003,-0.015851686
4004,0.0077195773
4005,-0.0009861875
4006,-0.00624275
4007,-0.0018931773
4008,0.005883076
4009,-0.009051009
4010,-0.012457664
4011,0.013292395
4012,0.026320778
4013,-0.008257213
4014,-0.017991943
4015,-0.020463305
4016,-0.006259453
4017,-0.0023893304
4018,-0.028469121
4019,-0.021185428
4020,0.002663838
4021,0.0031817555
4022,0.006307027
4023,0.021590794
4024,0.01399624
4025,-0.035941523
4026,0.024582714
4027,-0.012467738
4028,0.007737485
4029,-0.018967092
4030,0.034555696
4031,0.01572925
4032,-0.003541197
4033,-0.005876123
4034,-0.023280965
4035,0.026850285
4036,0.010262866
4037,0.02095763
4038,0.0015331558
4039,0.0038361037
4040,-0.0050682575
4041,-0.0060531786
4042,-0.013761402
4043,0.0049695857
4044,-0.0043145404
4045,-0.0052271457
4046,0.0026107184
4047,0.0074619185
4048,0.013405277
4049,-0.02094795
4050,0.0074008973
4051,-4.3757158e-05
4052,-0.021391276
4053,-0.005386739
4054,0.0032332898
4055,0.009509931
4056,-0.016503766
4057,0.015812268
4058,0.0048589837
4059,-0.005620201
4060,-0.0033537738
4061,-0.016768005
4062,-0.0023876838
4063,-0.011952721
4064,-0.004485652
4065,0.0028222967
4066,-0.0020767695
4067,0.00036363787
4068,-0.0045777676
4069,-0.010154877
4070,0.021721998
4071,-0.007888189
4072,0.010357946
4073,-0.0070946785
4074,0.007627572
4075,0.013374846
4076,0.016490484
4077,-0.0041222298
4078,-0.0006595581
4079,-0.018458443
4080,-0.002751364
4081,-0.014258079
4082,-0.0057503786
4083,-0.015109662
4084,0.010583098
4085,0.014786019
4086,0.0061935214
4087,0.0056605735
4088,0.019458566
4089,-0.010093901
4090,-0.0078718215
4091,0.015762387
4092,-0.010092359
4093,0.007292904
4094,0.014865527
4095,-0.025949584
